name,companyId,image
株式会社アイ建設,1120101000035,https://img.sakacil.com/data/20220121/5e2ca5de-35ed-4696-a5c6-1b22896e60a3.JPG
株式会社アイ建設,1120101000035,https://img.sakacil.com/data/20220121/1b7559fa-97c9-4a1d-a732-861bdb2cbc4c.jpg
株式会社アイ建設,1120101000035,https://img.sakacil.com/data/20220121/260a5bad-a0e6-4c0a-b5a8-e66a5bc1734d.JPG
株式会社エムズマルタカ,1120101000646,https://img.sakacil.com/data/20220523/afdf08ee-7543-4bb7-8ecd-486c8536faf4.JPG
株式会社エムズマルタカ,1120101000646,https://img.sakacil.com/data/20220523/8efc8904-02c1-4ecb-93ec-5e920c36529b.jpg
株式会社エムズマルタカ,1120101000646,https://img.sakacil.com/data/20220523/3de0bee1-2660-4870-b1c5-25b2607f3e94.jpg
サカイ工業株式会社,1120101002584,https://img.sakacil.com/data/20220210/6d74882f-acef-4407-8cbc-244c6417bb23.JPG
サカイ工業株式会社,1120101002584,https://img.sakacil.com/data/20220210/ee3dc4f6-5bb3-47bf-ae34-73b16d62990a.JPG
サカイ工業株式会社,1120101002584,https://img.sakacil.com/data/20220210/41bcc57f-2f28-4f75-a934-04f297bf26df.JPG
東西物産株式会社,1120101004614,https://img.sakacil.com/data/20221101/f178d739-e65e-4c9b-90c1-1b07c1971379.jpg
東西物産株式会社,1120101004614,https://img.sakacil.com/data/20221101/bc41e847-26d3-4242-a8fa-de6fe853d457.jpg
東西物産株式会社,1120101004614,https://img.sakacil.com/data/20221101/55658c74-6eac-4cfb-945d-3f854bb89e9c.jpg
日東工業株式会社,1120101005406,https://img.sakacil.com/data/20211213/d4a64bae-5a96-4bf5-8be8-4c8a57a0ef26.JPG
日東工業株式会社,1120101005406,https://img.sakacil.com/data/20211213/4e3cbb15-8ef8-473a-8c33-9eab7ee3bf8e.JPG
日東工業株式会社,1120101005406,https://img.sakacil.com/data/20211213/e2c42b7f-bbbf-449b-9e64-3c56124f5757.JPG
ニワダニネットワークシステム株式会社,1120101006552,https://img.sakacil.com/data/20220215/48ed1a35-e887-433a-93ea-60d90d92e701.jpg
ニワダニネットワークシステム株式会社,1120101006552,https://img.sakacil.com/data/20220215/6679c624-5f07-4851-b665-950222070f65.JPG
ニワダニネットワークシステム株式会社,1120101006552,https://img.sakacil.com/data/20211207/d9cc72f7-0c10-454c-a91d-cc905cd533ef.JPG
岬工業株式会社,1120101006874,https://img.sakacil.com/data/20211213/f3d6f3d3-a8b4-4b58-aa3f-f2a2a01d6d02.jpg
岬工業株式会社,1120101006874,https://img.sakacil.com/data/20211213/6e3c0178-07d5-4e6c-8129-3a22d783314f.JPG
岬工業株式会社,1120101006874,https://img.sakacil.com/data/20211213/72aff999-5234-4e50-b757-2db563dab2a5.jpg
みたぞの電設株式会社,1120101006973,https://img.sakacil.com/data/20211209/3f967439-aca9-4364-b5c7-8ecded4aa8b5.jpeg
ロイヤル第一交通株式会社,1120101007914,https://img.sakacil.com/data/20220108/43aaea4c-87db-48e7-8b99-fd7c9a4500d8.JPG
ロイヤル第一交通株式会社,1120101007914,https://img.sakacil.com/data/20220203/2ec405a6-365b-49c9-9227-6c8ec2b567e5.JPG
ロイヤル第一交通株式会社,1120101007914,https://img.sakacil.com/data/20220108/bead1841-35a2-4483-8aae-eed0fadc0198.PNG
株式会社リークス開発,1120101007930,https://img.sakacil.com/data/20211211/3045607c-4b3a-47c8-82df-142a0dbc9ccd.jpeg
シャローム株式会社,1120101009398,https://img.sakacil.com/data/20211214/6705cff1-5037-428c-a2b6-88934280a6b1.jpg
シャローム株式会社,1120101009398,https://img.sakacil.com/data/20211214/5f74adde-9c84-45a1-9401-d607b761f2b6.JPG
シャローム株式会社,1120101009398,https://img.sakacil.com/data/20211214/c91f6b62-47b6-458d-a49e-43b99f38aef5.JPG
株式会社エイワット,1120101021403,https://img.sakacil.com/data/20220119/9b3b9fe4-727d-40e4-bd77-38fe96405968.png
株式会社エイワット,1120101021403,https://img.sakacil.com/data/20220119/6326643c-eb2a-431e-a125-dab77d55a767.png
アサヒサイクル株式会社,1120101021915,https://img.sakacil.com/data/20211207/d89dfc3d-7a38-403b-885b-a0fd96cad413.JPG
アサヒサイクル株式会社,1120101021915,https://img.sakacil.com/data/20211207/036b81ce-f8b0-4561-b381-623f9eb21aad.JPG
アサヒサイクル株式会社,1120101021915,https://img.sakacil.com/data/20211207/ebf2abf6-6eff-464a-95ed-763f2419dd91.JPG
株式会社エミリエ,1120101022236,https://img.sakacil.com/data/20220518/87c430b1-609a-4c8e-a4bd-b576a155ffc3.JPG
株式会社エミリエ,1120101022236,https://img.sakacil.com/data/20220518/438c87eb-0744-4aee-b33e-f1fafb16d9af.JPG
株式会社エミリエ,1120101022236,https://img.sakacil.com/data/20220518/60a4360a-f79a-4a1d-aea3-43648d014069.JPG
株式会社アースウェア,1120101022748,https://img.sakacil.com/data/20211209/0ca29bf7-9acb-4051-a38c-5372aec0256b.jpeg
株式会社アースウェア,1120101022748,https://img.sakacil.com/data/20211209/238ac6fe-c490-4e3f-9599-3894b0dc14a3.jpeg
株式会社コーナ,1120101023085,https://img.sakacil.com/data/20211210/df620b1f-dd4b-43d1-ad9b-becb26b26dfc.JPG
株式会社住まい工房　集,1120101023226,https://img.sakacil.com/data/20220114/587f8559-1edc-4df4-9342-c5ac7320ef3e.jpg
株式会社住まい工房　集,1120101023226,https://img.sakacil.com/data/20220114/f0906aac-8bdd-4ba9-b7c6-1c7c57e8ba59.jpg
株式会社住まい工房　集,1120101023226,https://img.sakacil.com/data/20220114/0a5cbc44-b096-4ba7-938e-40f62dd56a93.jpg
株式会社ネオシステム,1120101027796,https://img.sakacil.com/data/20211224/25198bb1-5c67-4cc0-99d9-bfa39524617a.jpeg
株式会社ネオシステム,1120101027796,https://img.sakacil.com/data/20211224/0866e73a-c3b5-47da-8c95-f3620ff92678.jpeg
株式会社ネオシステム,1120101027796,https://img.sakacil.com/data/20211224/f6a2495b-d1ac-44ab-b551-970cb6be5663.jpeg
株式会社エステック,1120101028514,https://img.sakacil.com/data/20211217/098f2d49-e91e-40d0-9a3c-ac196a295a39.MOV
株式会社ＣＣＲ,1120101028803,https://img.sakacil.com/data/20211228/1e36cd89-3494-4ecd-a3e1-cb5f23e58b78.PNG
株式会社ＣＣＲ,1120101028803,https://img.sakacil.com/data/20211228/68d2bcfd-a40e-497b-a826-3a930e58913e.PNG
株式会社ＣＣＲ,1120101028803,https://img.sakacil.com/data/20211228/05e2e101-074d-4d38-b22e-de52b33f0402.PNG
株式会社ミスターブレーン,1120101029636,https://img.sakacil.com/data/20211231/32d447bf-53ec-4f24-82fe-cbe8cc41244e.png
株式会社ミスターブレーン,1120101029636,https://img.sakacil.com/data/20211231/6f872e10-676d-4d4c-bc38-3b3db3c9069c.png
株式会社カナリーオリジナル,1120101029735,https://img.sakacil.com/data/20220127/c113d281-9547-4082-84e0-2bd0f06f4d38.JPG
株式会社カナリーオリジナル,1120101029735,https://img.sakacil.com/data/20220127/e07a36ec-f915-48ee-88e1-ed24b008481f.JPG
株式会社オーシーピー,1120101030065,https://img.sakacil.com/data/20211209/8c15890a-60b6-4139-8f33-78c323adaeee.jpeg
株式会社オーシーピー,1120101030065,https://img.sakacil.com/data/20211209/76dd04cc-ec63-41d3-b211-86859a20d94e.jpeg
株式会社オーシーピー,1120101030065,https://img.sakacil.com/data/20211209/4e9002a9-a021-4264-aa57-d06788f89441.jpeg
株式会社夢志堂,1120101035972,https://img.sakacil.com/data/20220822/da669d34-5d08-4acf-84e7-ba3c32db3169.GIF
株式会社夢志堂,1120101035972,https://img.sakacil.com/data/20220822/b9730df5-3c17-489a-85cd-8406c8c24b85.JPG
株式会社夢志堂,1120101035972,https://img.sakacil.com/data/20220822/4ed861c2-6ea4-4dbc-a477-1ebfe9c9858f.jpg
株式会社バケーション,1120101045914,https://img.sakacil.com/data/20211223/02e77d5d-79d0-4914-bb58-754d206ec370.jpg
株式会社バケーション,1120101045914,https://img.sakacil.com/data/20211223/a017612f-572c-47a2-bd25-9f3da7028998.JPG
株式会社バケーション,1120101045914,https://img.sakacil.com/data/20211223/75a58226-0f0a-4eae-ba21-b3bada0e8524.JPG
株式会社オシタニプレス,1120101058767,https://img.sakacil.com/data/20220111/8de875b0-2fcd-4d02-9051-dbb652ec6f85.jpg
ケイ・アイジェイ株式会社,1120101060665,https://img.sakacil.com/data/20211220/f9a8fd86-a9c8-4bf2-9097-cdca5354675c.JPG
ケイ・アイジェイ株式会社,1120101060665,https://img.sakacil.com/data/20211220/d6860628-8107-44d6-b5e7-2a70e344ccee.jpg
ケイ・アイジェイ株式会社,1120101060665,https://img.sakacil.com/data/20211220/ddb551c2-f236-4a1b-8a50-4bc22c04d4df.jpg
有限会社アートモミ,1120102000199,https://img.sakacil.com/data/20220830/a25683b1-0258-4fc5-9f80-b176972d419f.JPG
有限会社アートモミ,1120102000199,https://img.sakacil.com/data/20220830/97546851-180e-4502-b642-2274f03912be.JPG
有限会社アートモミ,1120102000199,https://img.sakacil.com/data/20220830/e210170c-cd0e-47af-8681-dc3a1ddb83c2.JPG
有限会社軽貨物急送,1120102001503,https://img.sakacil.com/data/20211209/dbd0f166-2c33-4b07-8dbb-624cb1246f7d.jpg
有限会社軽貨物急送,1120102001503,https://img.sakacil.com/data/20211209/c292fa58-4d47-4a5b-815f-f63ebca07751.jpg
有限会社軽貨物急送,1120102001503,https://img.sakacil.com/data/20211209/6fcfdad4-97dd-44be-a325-356d04b70846.jpg
有限会社エレガントアカデミー,1120102007153,https://img.sakacil.com/data/20220113/4d98562f-541f-4a49-9a88-ae7c158c8280.JPG
有限会社エレガントアカデミー,1120102007153,https://img.sakacil.com/data/20220113/bd7152c2-3bab-462f-9d0e-27a51b5a95ef.JPG
株式会社ピネコン,2120001098986,https://img.sakacil.com/data/20220606/60e67012-0a89-4fe4-a918-3a9738576dee.JPG
株式会社ピネコン,2120001098986,https://img.sakacil.com/data/20220606/e1a54869-b747-4418-bc21-5ba70208193c.JPG
株式会社ピネコン,2120001098986,https://img.sakacil.com/data/20220606/ee9abf1d-f32b-4761-8378-1e60fe32476a.JPG
有限会社ＺＥＮデザイン,2120002064129,https://img.sakacil.com/data/20220228/f2b52b67-400f-4d70-aa52-0b42daa49630.jpg
有限会社ＺＥＮデザイン,2120002064129,https://img.sakacil.com/data/20220228/08421f3a-98e3-489e-8262-d77016c433f7.jpg
有限会社ＺＥＮデザイン,2120002064129,https://img.sakacil.com/data/20220228/07d17361-1c7f-4751-89db-d9a650c8e578.jpg
朝日製パン株式会社,2120101000827,https://img.sakacil.com/data/20220106/41f0938b-6008-4a6a-8aca-69fbb93e795a.jpg
朝日製パン株式会社,2120101000827,https://img.sakacil.com/data/20220106/63727393-7cd1-44c4-9867-d599d7835882.JPG
朝日製パン株式会社,2120101000827,https://img.sakacil.com/data/20220106/96d2c742-d67f-4920-b2f7-bde4ab883900.jpg
株式会社ウッドストック,2120101000934,https://img.sakacil.com/data/20211210/9bb7ee5f-08f5-456d-a897-e473213d6308.jpg
株式会社ウッドストック,2120101000934,https://img.sakacil.com/data/20211210/c7bbb1e6-942d-4604-8686-d6edef043d36.jpg
株式会社ウッドストック,2120101000934,https://img.sakacil.com/data/20211210/5cee5876-2e51-4efc-8347-5831919fe08f.JPG
株式会社京都スペーサー,2120101001949,https://img.sakacil.com/data/20211209/a15b4ee5-63b5-4a5c-a691-3ebe679d8656.jpg
株式会社京都スペーサー,2120101001949,https://img.sakacil.com/data/20211209/4e919062-162c-4e1b-a64a-e67852977251.jpg
昭和被服株式会社,2120101003425,https://img.sakacil.com/data/20220124/ab913250-3133-4de4-8301-e1c313d2249b.JPG
昭和被服株式会社,2120101003425,https://img.sakacil.com/data/20220124/e5ae1986-7777-4f04-9ed3-43fe3794e200.JPG
株式会社シラハラ,2120101003565,https://img.sakacil.com/data/20220107/63cac294-8283-4d2e-a3b8-a6d6763ee7a2.jpeg
トーホー株式会社,2120101004712,https://img.sakacil.com/data/20220119/ede7b00b-7cae-4d7d-90bc-3332b72537f0.jpg
トーホー株式会社,2120101004712,https://img.sakacil.com/data/20220119/b22132e7-45ef-4bb9-b38f-6dacee17043f.jpg
トーホー株式会社,2120101004712,https://img.sakacil.com/data/20220119/0eab438f-1275-4804-97be-4e1b61e380bf.jpg
株式会社トキト,2120101004737,https://img.sakacil.com/data/20220106/5f3ba1d0-c19e-494d-8787-f3026674ec55.jpg
株式会社トキト,2120101004737,https://img.sakacil.com/data/20220106/d06f2e60-8124-4aca-8c6d-1dab28659bcc.jpg
株式会社トキト,2120101004737,https://img.sakacil.com/data/20220106/e8f1fbe2-b915-4d6c-8b3d-5fd4f39a71be.jpg
西川乳販株式会社,2120101005470,https://img.sakacil.com/data/20211222/6590315a-0a9a-4645-9bbf-ebccf1e52c4a.jpg
西川乳販株式会社,2120101005470,https://img.sakacil.com/data/20211222/1880ad4f-8453-4731-a8c6-c74880add211.jpg
西川乳販株式会社,2120101005470,https://img.sakacil.com/data/20211222/a0953c0b-79f8-4b85-8173-37f05e92507d.jpg
株式会社吉村一建設,2120101007748,https://img.sakacil.com/data/20220729/53476b90-700d-4164-9888-6c8893c0f31d.jpeg
株式会社吉村一建設,2120101007748,https://img.sakacil.com/data/20220729/b917a7ea-b0ca-4c4d-bf19-4d178f98ed3c.jpeg
株式会社吉村一建設,2120101007748,https://img.sakacil.com/data/20220729/15062ec5-93fd-42b3-9e61-59029582bea1.JPG
株式会社駕徳,2120101020734,https://img.sakacil.com/data/20220609/84196d99-e964-4789-a6a6-85ee65e5bf2c.JPG
株式会社駕徳,2120101020734,https://img.sakacil.com/data/20220609/1130c506-f9fa-44bb-9963-effb901d1486.JPG
ウィルハウス株式会社,2120101020759,https://img.sakacil.com/data/20220104/1dbc6eb5-e25a-4e4c-81f7-035a8d2aa35a.jpg
ウィルハウス株式会社,2120101020759,https://img.sakacil.com/data/20220104/026e7477-dc10-477e-997c-ffe34201836f.jpg
ウィルハウス株式会社,2120101020759,https://img.sakacil.com/data/20220104/61356ce0-33bf-45b4-80e2-bba52d81404b.jpg
株式会社結一産業,2120101020841,https://img.sakacil.com/data/20221011/2f00a484-6291-47e4-9de6-ff15b450650e.jpg
株式会社結一産業,2120101020841,https://img.sakacil.com/data/20221023/6e04f6a5-5af5-4d53-bb2b-5d3543e120d5.png
株式会社結一産業,2120101020841,https://img.sakacil.com/data/20221011/dda99a78-b867-4587-b08c-4151d9776d2c.png
日本フッソ工業株式会社,2120101021690,https://img.sakacil.com/data/20211224/999cc08c-fa6e-4a46-a4a7-f2b6a71910c3.jpg
日本フッソ工業株式会社,2120101021690,https://img.sakacil.com/data/20211224/dc07b5dc-2741-4a61-affe-880ecb64e867.jpg
日本フッソ工業株式会社,2120101021690,https://img.sakacil.com/data/20211224/b69a982d-bfec-439d-9beb-d1d9d622f0ba.JPG
コーシンホーム株式会社,2120101030196,https://img.sakacil.com/data/20211211/37744e6c-0ed6-4a95-8781-42fff1c02332.jpg
コーシンホーム株式会社,2120101030196,https://img.sakacil.com/data/20211211/8a7be44e-6350-4740-88e9-cc89c23e9589.jpg
コーシンホーム株式会社,2120101030196,https://img.sakacil.com/data/20211211/5b0473ab-2666-4493-a5b0-00dcde16f4cb.jpg
株式会社浜田組,2120101049088,https://img.sakacil.com/data/20220606/6cf478b7-90f7-43ce-baa7-26d8807b9bf0.JPG
株式会社浜田組,2120101049088,https://img.sakacil.com/data/20220606/6d99015b-1306-47be-bcce-b457e0b51a97.JPG
株式会社浜田組,2120101049088,https://img.sakacil.com/data/20220606/c47c8c41-a292-4885-b523-e83956df84e6.JPG
株式会社キー・マン,2120101054897,https://img.sakacil.com/data/20211210/b0782cd5-10b4-47f9-8e28-a6fb22d3fa8e.jpg
株式会社キー・マン,2120101054897,https://img.sakacil.com/data/20211210/041cab43-0bcc-4687-8554-ec6c6b9c8f01.jpg
株式会社ロイヤル保険サービス,2120101055375,https://img.sakacil.com/data/20211221/15fb01b2-6c5d-4ddf-bbd7-eba1b23d4daa.jpeg
株式会社ロイヤル保険サービス,2120101055375,https://img.sakacil.com/data/20211221/cadccd29-8c62-481a-ba42-f5e3a2c08029.jpeg
株式会社ロイヤル保険サービス,2120101055375,https://img.sakacil.com/data/20211221/c32d7297-c014-4ec5-94c9-3d070eaac0c5.jpeg
株式会社ジャパンエレグロス,2120101059616,https://img.sakacil.com/data/20211220/9605b023-8d6e-4f0e-86c5-30eabcf89c59.jpg
株式会社ジャパンエレグロス,2120101059616,https://img.sakacil.com/data/20211220/6e8ac34b-feb7-4c5b-bb70-faddd45f51c4.jpg
株式会社ジャパンエレグロス,2120101059616,https://img.sakacil.com/data/20211220/c61497c6-7469-49ac-8cc2-b3707966ad7b.jpg
有限会社スポテッドホース・クラフト,2120102003911,https://img.sakacil.com/data/20211226/31f7820f-491a-450f-94c2-096da2fe369d.jpeg
有限会社ワイ・デンタル・ラボ,2120102005247,https://img.sakacil.com/data/20220106/145b4476-32e8-41e2-aa7d-5f7d9bd0ac6e.jpg
有限会社ワイ・デンタル・ラボ,2120102005247,https://img.sakacil.com/data/20220106/e40f36b9-b394-4593-91d0-1e98a17bc71e.jpg
有限会社竹宝コーポレーション,2120102006534,https://img.sakacil.com/data/20220808/9d868b8e-bdce-486a-af4c-6b402486062f.jpeg
有限会社竹宝コーポレーション,2120102006534,https://img.sakacil.com/data/20220808/75377418-9a98-433a-b33b-598899e77442.jpeg
有限会社共栄商事,2120102011278,https://img.sakacil.com/data/20211208/261ce007-93cb-4c28-8403-33338439ab57.jpg
有限会社ラックプラス,2120102012953,https://img.sakacil.com/data/20220831/fd20b8f6-aebf-408a-bc0e-bbbc5c20478b.jpg
有限会社ラックプラス,2120102012953,https://img.sakacil.com/data/20220831/ab690415-58d1-4b44-8c47-d4993b849593.jpg
有限会社ラックプラス,2120102012953,https://img.sakacil.com/data/20220831/8b81072a-6811-4e5f-bbea-baf98b29a1b5.jpg
有限会社デアイ商会,2120102021921,https://img.sakacil.com/data/20220228/51ce24ea-16b5-4fbe-9c68-a9c382a22e00.jpg
有限会社デアイ商会,2120102021921,https://img.sakacil.com/data/20220228/fb547a2f-3f69-41d4-ba20-2e6ea32e70fe.jpg
合同会社ｓａｓｈｉ－ｉｒｏ,2120103004198,https://img.sakacil.com/data/20211208/87ca07db-7011-485d-853f-d8b89f4bb1e7.jpeg
株式会社Ｍ－ＰＬＡＮＮＩＮＧ,3011601014483,https://img.sakacil.com/data/20211208/aa62711b-bd58-45bb-bd2f-1842e34e5e28.jpg
株式会社Ｍ－ＰＬＡＮＮＩＮＧ,3011601014483,https://img.sakacil.com/data/20220424/c7345f45-8075-42e3-b80d-b3f02f6e1c3e.png
株式会社Ｍ－ＰＬＡＮＮＩＮＧ,3011601014483,https://img.sakacil.com/data/20211208/ddf88225-91ce-40ed-8def-a9fec7e5f4b6.png
セッツ株式会社,3120001035377,https://img.sakacil.com/data/20220107/8a7685bf-610f-4af9-bff3-5d5a6191f5db.png
セッツ株式会社,3120001035377,https://img.sakacil.com/data/20220107/7104bc9d-ca46-49ef-bfb2-2b0a8f79ed71.JPG
セッツ株式会社,3120001035377,https://img.sakacil.com/data/20220107/72293261-8aba-4562-ba36-e96716a0a504.JPG
株式会社山徳,3120001040336,https://img.sakacil.com/data/20220701/fd126d6c-3d71-4fa3-9bf5-c7e7bdf0cf92.jpg
株式会社山徳,3120001040336,https://img.sakacil.com/data/20220701/f3f845ae-93ee-486f-aca5-bd370b870d6d.jpg
株式会社山徳,3120001040336,https://img.sakacil.com/data/20220701/d2857602-0d87-45c5-aa7d-5ad242024e0d.jpg
エース技研株式会社,3120101000578,https://img.sakacil.com/data/20220512/2e0a2d60-26a8-447c-aafa-d1651e28c8b2.png
エース技研株式会社,3120101000578,https://img.sakacil.com/data/20220512/306608cd-f1ee-42ef-aa1d-2879844fb78e.png
エース技研株式会社,3120101000578,https://img.sakacil.com/data/20220512/0697cd05-7d04-432a-850b-19aff2f506e5.png
株式会社大阪愛農食品センター,3120101001345,https://img.sakacil.com/data/20211213/8384ce11-2a03-4bc1-9128-5086f9fa7624.jpg
堺共同漬物株式会社,3120101002541,https://img.sakacil.com/data/20211209/d60cde5b-01ce-4b2e-ac9b-8604dd1f57a4.jpg
堺共同漬物株式会社,3120101002541,https://img.sakacil.com/data/20211209/b9f30427-acc4-4e3f-9443-7bb87143490e.jpg
堺共同漬物株式会社,3120101002541,https://img.sakacil.com/data/20211209/30faf74e-6f1a-4062-9835-f2de43c39846.jpg
株式会社高橋楠,3120101004364,https://img.sakacil.com/data/20211208/5f65e732-80c6-49de-b082-d0975937a0ac.JPG
株式会社高橋楠,3120101004364,https://img.sakacil.com/data/20211208/72faa53a-2e97-416e-a5c6-56c0a0968758.JPG
株式会社高橋楠,3120101004364,https://img.sakacil.com/data/20211208/7ce591d5-48c0-4465-8d9e-5965aaf83d57.JPG
株式会社馬場刄物製作所,3120101006113,https://img.sakacil.com/data/20211213/0c2931da-ab8a-46e3-9587-ce98e8ccbea2.jpeg
三原染工株式会社,3120101007219,https://img.sakacil.com/data/20220126/b283fb64-0d4b-4d83-9ab0-116fcb326ef0.JPG
流浸工業株式会社,3120101021847,https://img.sakacil.com/data/20221107/dc3e0655-2e00-4aeb-bbcd-bb55c7507730.jpg
流浸工業株式会社,3120101021847,https://img.sakacil.com/data/20221107/b91ab0ea-1e15-4836-8f43-3711b590c72c.jpg
流浸工業株式会社,3120101021847,https://img.sakacil.com/data/20221107/f5821d24-2bfb-4aef-a746-572c2d213998.jpg
株式会社ワイズ・ラブ,3120101022184,https://img.sakacil.com/data/20211222/e8e30ae7-fd43-4a27-8c6d-7484aab6c270.jpg
株式会社ワイズ・ラブ,3120101022184,https://img.sakacil.com/data/20211222/753408b5-b8f9-497e-83a0-4c6af8462106.jpg
株式会社ワイズ・ラブ,3120101022184,https://img.sakacil.com/data/20211222/7377a681-3b5c-43af-94f5-4ab69823af0f.jpg
株式会社グローバルホーム,3120101022457,https://img.sakacil.com/data/20220106/85025fd0-d05b-4e13-bc1f-ac0cce49a736.JPG
株式会社グローバルホーム,3120101022457,https://img.sakacil.com/data/20220106/1d473597-0721-4169-a193-717b39d4d9aa.JPG
株式会社グローバルホーム,3120101022457,https://img.sakacil.com/data/20220106/51ece50d-64d5-4a42-b64d-76d6f1cef8e7.JPG
株式会社土商,3120101023034,https://img.sakacil.com/data/20211208/415833ea-0f03-4229-825c-ce91662653ba.jpeg
株式会社土商,3120101023034,https://img.sakacil.com/data/20211208/c5a2cd1c-390c-4652-9363-ac2309072512.jpeg
株式会社土商,3120101023034,https://img.sakacil.com/data/20211208/c62226e8-cc0c-4fc4-801e-a94109f449f1.jpeg
多田株式会社,3120101027852,https://img.sakacil.com/data/20211210/c4251fbd-aff2-43f3-9953-99ecc0dc6780.jpg
多田株式会社,3120101027852,https://img.sakacil.com/data/20211210/18bb7392-7e16-4434-a167-e8c638c8b48f.jpg
株式会社ジャパンアミューズクリエーション,3120101029304,https://img.sakacil.com/data/20220110/72bc5832-5a2c-40e8-bba8-b38a795f4dfc.jpg
クリーン＆フェア不動産株式会社,3120101029428,https://img.sakacil.com/data/20220520/2a46e62a-c951-4f67-9866-16859913badb.jpg
株式会社Ｆｉｎａｌ　Ｂｏｙ　Ｉｎｔｅｒｎａｔｉｏｎａｌ,3120101051092,https://img.sakacil.com/data/20211225/d833f74f-7548-4181-8326-6a01c6421f12.jpeg
株式会社Ｆｉｎａｌ　Ｂｏｙ　Ｉｎｔｅｒｎａｔｉｏｎａｌ,3120101051092,https://img.sakacil.com/data/20211225/802cf764-6c04-4e61-a94f-eb68d8c8150d.jpg
株式会社Ｆｉｎａｌ　Ｂｏｙ　Ｉｎｔｅｒｎａｔｉｏｎａｌ,3120101051092,https://img.sakacil.com/data/20211225/ecc8d11b-9669-464e-b288-c96b04cb6e9c.jpg
株式会社イムラ,3120101051563,https://img.sakacil.com/data/20211210/5af1dae8-c49b-42b9-80fd-36f23e24babb.jpg
株式会社イムラ,3120101051563,https://img.sakacil.com/data/20211210/850b25ce-edd9-4140-a964-13e9da093f63.jpg
株式会社イムラ,3120101051563,https://img.sakacil.com/data/20211210/6c8868e5-ed6d-4de7-94cd-36f87a845013.jpg
株式会社クレドミュージック,3120101058600,https://img.sakacil.com/data/20211219/c67daf29-da81-4ffd-870f-956f7f8c2b60.jpg
株式会社クレドミュージック,3120101058600,https://img.sakacil.com/data/20211219/7c4cd53e-1ed7-49fa-af80-f40eec8de5ae.jpeg
株式会社クレドミュージック,3120101058600,https://img.sakacil.com/data/20211219/342ef0e2-dbbf-48ce-ab46-49f4163ea71c.JPG
メガヒット株式会社,3120101061967,https://img.sakacil.com/data/20211212/9685d419-2ddf-44d8-a524-54812476d7e0.jpeg
メガヒット株式会社,3120101061967,https://img.sakacil.com/data/20211212/7c8f63a5-e794-4b4b-80b6-c2a33448a76d.jpeg
株式会社意図夢,3120101063170,https://img.sakacil.com/data/20211221/d23391b1-9cf7-4cca-8d1d-98c8bdd41e18.jpeg
株式会社意図夢,3120101063170,https://img.sakacil.com/data/20211221/a7ab4a6d-cf34-4df6-94a8-eb694b4c9b22.jpeg
株式会社意図夢,3120101063170,https://img.sakacil.com/data/20211221/16035180-bf9a-4891-a56b-13866f63082b.jpeg
株式会社ユーキ工業,3120101063286,https://img.sakacil.com/data/20220902/d9b9f28d-816c-4688-a027-eedd6c3044f1.JPG
株式会社ユーキ工業,3120101063286,https://img.sakacil.com/data/20220902/c59859b4-84f6-4340-8772-7c9db23ccaed.JPG
株式会社ユーキ工業,3120101063286,https://img.sakacil.com/data/20220902/7327331b-3c6a-403e-9562-d3cfb9c6a42e.JPG
株式会社ＡｖｅｎｉｒＮａｕｔｓ,3120101063781,https://img.sakacil.com/data/20211210/af63d9b4-d756-4007-8ec9-c234b2ab4181.jpg
株式会社虹色ハウジング,3120101064326,https://img.sakacil.com/data/20211210/17aa7b42-cf5f-4b83-8597-1a0c4cd7e284.jpeg
株式会社虹色ハウジング,3120101064326,https://img.sakacil.com/data/20211210/d23ad6cd-dce2-4e48-9396-7cebd2d252ab.jpeg
株式会社虹色ハウジング,3120101064326,https://img.sakacil.com/data/20211210/bf755222-3af9-4186-b7e8-d68910a1bef6.jpeg
社会福祉法人啓真会,3120105000475,https://img.sakacil.com/data/20220830/38507fb5-d902-4c7b-9b28-57887d35daf5.png
アドウィル株式会社,4120001166898,https://img.sakacil.com/data/20220104/1daa3086-1d0a-4e03-8ecc-c1399469ed72.jpg
アドウィル株式会社,4120001166898,https://img.sakacil.com/data/20220104/153bdc3c-4dad-46df-b58b-6fcca0896281.jpg
アドウィル株式会社,4120001166898,https://img.sakacil.com/data/20220104/18a5158a-d7ac-4bce-a343-25b036cc7a26.jpg
株式会社カネシゲ刃物,4120101001567,https://img.sakacil.com/data/20221004/6ce8b253-abc8-4c6f-83d8-ad13ca57d28c.JPG
株式会社カネシゲ刃物,4120101001567,https://img.sakacil.com/data/20221004/02fdd7bc-71b7-4e0e-8589-4d165104a8c5.JPG
株式会社昌平,4120101003332,https://img.sakacil.com/data/20220127/188bee0a-28d8-403a-a924-46b5ecbc97da.JPG
株式会社昌平,4120101003332,https://img.sakacil.com/data/20220127/8558ef40-9444-4b9c-83ff-53b2596f3105.JPG
株式会社昌平,4120101003332,https://img.sakacil.com/data/20220127/70e89e8f-7dc4-463e-bd6e-5d18f2800848.JPG
株式会社オム印刷,4120101021417,https://img.sakacil.com/data/20220726/22056288-7dc2-4e64-bbb3-059d679d3cdb.jpeg
アス・プランテック株式会社,4120101023033,https://img.sakacil.com/data/20220726/ca69507e-655b-4a75-a8bb-4021f11d431b.png
アス・プランテック株式会社,4120101023033,https://img.sakacil.com/data/20220726/bed1f707-1517-4d04-b29e-cd1f7ce32e3c.png
アス・プランテック株式会社,4120101023033,https://img.sakacil.com/data/20220726/ba91b81d-4c30-44b8-b573-1956153726ef.png
株式会社キズナックスエコロジー,4120101027942,https://img.sakacil.com/data/20211214/fc4e9e75-f660-4f71-98a9-e62ef7d66ba5.jpg
株式会社キズナックスエコロジー,4120101027942,https://img.sakacil.com/data/20211214/ed05060a-9544-4a16-9476-834a124595e4.jpg
株式会社キズナックスエコロジー,4120101027942,https://img.sakacil.com/data/20211214/fe433e3c-08ec-4b05-a4cb-a1a66bf8578a.jpg
株式会社セイワ技建,4120101029179,https://img.sakacil.com/data/20220118/65393620-7571-4754-8ae1-acd2b3b43bc7.jpeg
株式会社セイワ技建,4120101029179,https://img.sakacil.com/data/20220118/217d76c2-cd6b-4d27-a488-18fa8eb8d4ae.jpeg
株式会社ＡＫＩＲＡ,4120101039194,https://img.sakacil.com/data/20220404/16865bd9-dc3a-400d-b765-2f2971c47604.jpg
株式会社ＡＫＩＲＡ,4120101039194,https://img.sakacil.com/data/20220404/62517e2f-4c9f-4399-a0c7-c334a95aab85.jpg
株式会社ＡＫＩＲＡ,4120101039194,https://img.sakacil.com/data/20220404/52e358c0-1557-432a-9676-1e2efd779e7d.jpg
株式会社オフィスサポート,4120101051587,https://img.sakacil.com/data/20220912/574a6675-5418-431a-b740-947d5fa9c92e.jpg
株式会社オフィスサポート,4120101051587,https://img.sakacil.com/data/20211210/d1e65858-7200-4900-838f-d82dc366cd9a.jpg
株式会社オフィスサポート,4120101051587,https://img.sakacil.com/data/20211210/86713cc3-1a1f-41f7-9c47-822d5a8b6605.jpg
株式会社太陽堂,4120101057972,https://img.sakacil.com/data/20220314/fe03804b-0935-40eb-8ce5-44e25e9e8c57.jpg
株式会社太陽堂,4120101057972,https://img.sakacil.com/data/20220314/69e7c3c7-83f9-42d9-ae27-13e5b31919eb.jpg
株式会社太陽堂,4120101057972,https://img.sakacil.com/data/20220314/a05e6fdc-b61f-4115-bdc4-b8241272a112.jpg
株式会社もみの木ハウス・おおさか,4120101058582,https://img.sakacil.com/data/20220418/80935fde-b8ca-4c93-9d0a-db4ae13ac320.JPG
株式会社もみの木ハウス・おおさか,4120101058582,https://img.sakacil.com/data/20220418/a4c8d1eb-d54d-417d-80b7-bdfc9194b595.jpg
株式会社もみの木ハウス・おおさか,4120101058582,https://img.sakacil.com/data/20220418/4c709e33-de9e-4c13-b442-d00813e10de3.JPG
ＥＴＳ株式会社,4120101059606,https://img.sakacil.com/data/20211211/7a8d442b-d5b3-42df-97db-011734e4f1cc.jpeg
株式会社Ｔ－ＡＤ,4120101062015,https://img.sakacil.com/data/20220208/cc5633ef-f078-4ec9-ab66-7748faae1b5d.jpg
株式会社Ｔ－ＡＤ,4120101062015,https://img.sakacil.com/data/20220208/f752c812-8b31-4405-a996-14e12a4624e5.JPG
株式会社Ｔ－ＡＤ,4120101062015,https://img.sakacil.com/data/20220208/4a08d817-6e3f-4f5e-ab82-95b41df0b2a4.jpg
有限会社ＩＳＭ,4120102000543,https://img.sakacil.com/data/20211210/c5ed85fd-3b53-4145-8b5d-94239d25c5d9.png
有限会社ＩＳＭ,4120102000543,https://img.sakacil.com/data/20211210/52263f97-611b-47fb-93eb-cc6be116ebbd.jpg
有限会社エーエムイズミ,4120102000840,https://img.sakacil.com/data/20211220/86680b75-e4ea-49fb-8c28-04dd574f6566.jpg
有限会社エーエムイズミ,4120102000840,https://img.sakacil.com/data/20211220/627a66bb-32be-4c53-89a5-6a3aab3721d2.jpg
有限会社エーエムイズミ,4120102000840,https://img.sakacil.com/data/20211220/517603b3-e6d1-4377-9964-17daf127512d.jpg
有限会社関谷商店,4120102002606,https://img.sakacil.com/data/20221101/575215f4-874c-4d3a-b180-c4dbfc01ac72.jpg
有限会社関谷商店,4120102002606,https://img.sakacil.com/data/20221101/f83277aa-b909-4900-bf7f-579c3edde783.jpg
有限会社関谷商店,4120102002606,https://img.sakacil.com/data/20221101/6ed3e8c9-1e22-41d6-a6b9-d0f8203f350c.jpg
株式会社ブレファ,4120103002290,https://img.sakacil.com/data/20211220/1e0f44af-f0db-478c-8b22-39a29e73763f.jpg
株式会社ブレファ,4120103002290,https://img.sakacil.com/data/20211220/529baffa-5439-41c2-a7da-4be9efd71879.jpg
株式会社ブレファ,4120103002290,https://img.sakacil.com/data/20211220/c090ee07-7721-4240-b877-3b8e823aba08.jpg
合同会社ＧＲＡＣＩＡ,4120103002506,https://img.sakacil.com/data/20211214/3c6a3e7f-22ad-437a-971c-bd10a16b5ffe.jpeg
株式会社クラウドニック,4130001054565,https://img.sakacil.com/data/20220915/3ef8845a-5dc4-48bf-baff-2ccfa5a6fedb.pdf
株式会社クラウドニック,4130001054565,https://img.sakacil.com/data/20220915/c1188f9c-5ebd-4139-b439-859445ee4595.pdf
株式会社エターナル,5120001140407,https://img.sakacil.com/data/20211221/a25ffa8e-31f4-47c1-a456-753a894ed52e.jpeg
株式会社エターナル,5120001140407,https://img.sakacil.com/data/20211221/9bcb2306-e6c6-4029-8031-67e58b358b6a.jpeg
株式会社エターナル,5120001140407,https://img.sakacil.com/data/20211221/70691ce4-f53c-481f-b679-3e651e70ce6e.jpeg
株式会社美華道,5120001197067,https://img.sakacil.com/data/20220207/1d2fa626-ee0a-42a7-bfd3-732640b68411.JPG
株式会社美華道,5120001197067,https://img.sakacil.com/data/20220207/526e4354-cfdf-428c-bf88-0cfbdd56cacb.JPG
株式会社美華道,5120001197067,https://img.sakacil.com/data/20220207/7a37efec-f7e0-4e97-be02-1ac6ed072df3.JPG
有限会社フレーム,5120002043567,https://img.sakacil.com/data/20220628/f7ca8bfa-5fb6-49e7-a302-482f5642d0de.jpg
有限会社フレーム,5120002043567,https://img.sakacil.com/data/20220613/5cc5505d-5404-4228-b8af-4b5d4b982de0.jpg
有限会社フレーム,5120002043567,https://img.sakacil.com/data/20220425/456d99cd-7424-4ad0-8a3a-cade3543b4da.jpg
株式会社ジオ住建,5120101003059,https://img.sakacil.com/data/20220423/9c937c35-5993-49e5-b2cc-0cee97b494ef.jpg
株式会社ジオ住建,5120101003059,https://img.sakacil.com/data/20220423/39d4e795-e28e-400f-8913-729a41da0c0e.jpg
株式会社大和螺子製作所,5120101004247,https://img.sakacil.com/data/20221104/daa74853-aa28-49aa-8c96-d08be2d4ebca.png
株式会社大和螺子製作所,5120101004247,https://img.sakacil.com/data/20221104/b703ec74-4906-4cd3-aa5f-b2030dcceeca.png
株式会社大和螺子製作所,5120101004247,https://img.sakacil.com/data/20221104/c3c780a4-ed85-4e6f-83cb-801e88e4a589.png
大阪第一交通株式会社,5120101005096,https://img.sakacil.com/data/20220108/9b6171da-16a7-483c-a2ca-178d4efb99ba.JPG
大阪第一交通株式会社,5120101005096,https://img.sakacil.com/data/20220108/6d9c7570-9060-427e-8a2d-075496015bee.jpg
大阪第一交通株式会社,5120101005096,https://img.sakacil.com/data/20220108/f3670a82-bf0c-474b-887f-3d4c5144c427.PNG
中谷金属工業株式会社,5120101005187,https://img.sakacil.com/data/20211209/2a39f98d-ef72-4020-b7ad-8257e0b0bced.JPG
中谷金属工業株式会社,5120101005187,https://img.sakacil.com/data/20211209/0738e8fd-d45d-4d53-a02d-238c844adfd9.JPG
中谷金属工業株式会社,5120101005187,https://img.sakacil.com/data/20211209/9f7294be-7cd9-4e80-83d7-86a28299346a.JPG
平野整機工業株式会社,5120101006441,https://img.sakacil.com/data/20220607/fe17ff52-8aa1-4272-ab6b-7c42699feeb4.JPG
平野整機工業株式会社,5120101006441,https://img.sakacil.com/data/20220607/1b5fa90f-84f6-4ed5-bcc2-9c7d77978e4e.JPG
平野整機工業株式会社,5120101006441,https://img.sakacil.com/data/20220607/85f7f089-811d-43b5-890a-c595390e26ec.png
株式会社堀之内自動車工業,5120101021754,https://img.sakacil.com/data/20220827/5ca7a3f2-b28d-405a-b192-6fac17e54a20.JPG
株式会社ＳＥＩＣＯ,5120101022059,https://img.sakacil.com/data/20220201/24d37d79-d2c5-4bb2-bb3d-fe65869eac2d.jpeg
株式会社ＳＥＩＣＯ,5120101022059,https://img.sakacil.com/data/20220204/ea134d88-2855-49e9-bc20-0fe224d19bd2.jpeg
株式会社ＳＥＩＣＯ,5120101022059,https://img.sakacil.com/data/20220204/52396bce-a85a-44da-a264-f70ee203fc18.jpeg
株式会社エスポワール,5120101030350,https://img.sakacil.com/data/20211221/a13ba40f-b3bd-494f-8610-93a7285d55de.JPG
株式会社エスポワール,5120101030350,https://img.sakacil.com/data/20211221/7ea663bb-d66a-4981-8491-188ef7f94974.JPG
株式会社エスポワール,5120101030350,https://img.sakacil.com/data/20211221/63b0104d-4958-489b-8657-8bacff71ee85.png
株式会社ダイヨーセンコー,5120101048285,https://img.sakacil.com/data/20211216/d56b7ed9-ad88-4b63-8215-0dbd553394b5.jpeg
株式会社ＳＹＡＫＳ,5120101050068,https://img.sakacil.com/data/20220414/4ffec249-bd62-4e73-a3ff-fc19192d1f6b.jpeg
株式会社ＳＹＡＫＳ,5120101050068,https://img.sakacil.com/data/20220414/15eb55cb-68e2-4f95-b9c5-c8aefee7427e.png
ハマタイヤ株式会社,5120101054267,https://img.sakacil.com/data/20211209/3addaef3-e58c-4287-a5c0-7d0f0b53e0c1.jpg
ハマタイヤ株式会社,5120101054267,https://img.sakacil.com/data/20211209/21429d04-f347-4e76-85af-c15b1626e52e.jpg
ハマタイヤ株式会社,5120101054267,https://img.sakacil.com/data/20211209/76e3c523-c15a-49aa-83b8-0b4e2d62cf58.jpg
守警備保障株式会社,5120101055307,https://img.sakacil.com/data/20211208/231eeabe-ab52-4644-850e-19c91dcb3dae.jpeg
守警備保障株式会社,5120101055307,https://img.sakacil.com/data/20211208/9b14327b-a791-4af9-bf70-4eb1e0bdbf6e.jpeg
守警備保障株式会社,5120101055307,https://img.sakacil.com/data/20211208/afa5c7f7-1fc8-4888-82f0-03ce9275025f.jpeg
株式会社ララホーム,5120101057708,https://img.sakacil.com/data/20211209/893cc78c-3347-4c62-85be-2059c0d600ff.jpeg
株式会社ララホーム,5120101057708,https://img.sakacil.com/data/20211209/952c564b-7a75-4753-bdd4-20d0fd537ee9.jpeg
株式会社ララホーム,5120101057708,https://img.sakacil.com/data/20211209/bc1991c2-5b96-4e31-86aa-e834bde731a9.jpeg
株式会社私の家工房,5120101058730,https://img.sakacil.com/data/20220308/c730ef13-8558-4d74-9aa9-947a08690a70.jpg
株式会社私の家工房,5120101058730,https://img.sakacil.com/data/20220308/3a616fc5-9f1f-4d96-80c2-1081936347eb.jpg
株式会社私の家工房,5120101058730,https://img.sakacil.com/data/20220308/a9f0bf22-feb7-4703-a51e-21b5200fdd68.JPG
有限会社ギミックデザイン　一級建築士事務所,5120102001326,https://img.sakacil.com/data/20220307/d5c4b189-9adf-467d-a6e7-f08b44067dc0.png
有限会社ギミックデザイン　一級建築士事務所,5120102001326,https://img.sakacil.com/data/20220307/1194d23f-ac74-4bea-8f05-b073194f99f7.png
有限会社ギミックデザイン　一級建築士事務所,5120102001326,https://img.sakacil.com/data/20220307/992e99e1-9dca-4734-ab8f-e20c08207c91.JPG
有限会社きたに,5120102001400,https://img.sakacil.com/data/20211222/ffbf8f9b-56f9-44db-8235-0f02c4aac2f8.JPG
有限会社きたに,5120102001400,https://img.sakacil.com/data/20211222/491229fb-13fc-4854-83ad-0b1626f6f30a.JPG
有限会社きたに,5120102001400,https://img.sakacil.com/data/20211222/a51a0afa-0bae-4ee1-8f6b-8cda20b581f8.JPG
有限会社泉忠老舗,5120102007447,https://img.sakacil.com/data/20220117/48d79238-5d21-4157-8996-2d7f7cda1b0a.JPG
有限会社泉忠老舗,5120102007447,https://img.sakacil.com/data/20220117/e7d22436-3295-4e68-8a49-f56f7121b391.JPG
有限会社泉忠老舗,5120102007447,https://img.sakacil.com/data/20220117/420d2927-b389-4259-9679-74159a3ce0cf.JPG
金岡住建株式会社,6120101001557,https://img.sakacil.com/data/20211216/592e154f-a55c-4b17-b5f8-53194b33554b.jpeg
金岡住建株式会社,6120101001557,https://img.sakacil.com/data/20211216/50392fc1-6157-4816-935d-0be77af4d9a4.jpeg
金岡住建株式会社,6120101001557,https://img.sakacil.com/data/20211216/acaa5a14-cd29-41a6-add3-f47467d4e533.jpeg
株式会社三宝化学研究所,6120101002968,https://img.sakacil.com/data/20211220/03bc9198-4c72-4966-82f8-3439e7726f13.jpg
株式会社三宝化学研究所,6120101002968,https://img.sakacil.com/data/20211220/3e0f7265-4c6a-43b8-8956-d6fe0c09573d.jpg
株式会社三宝化学研究所,6120101002968,https://img.sakacil.com/data/20211220/8aa24e9a-ee6b-4d58-a7cc-a2f52bc4d59b.jpg
株式会社日青,6120101005277,https://img.sakacil.com/data/20220131/b0a1790d-5911-49d1-8418-bf5ce802b931.jpg
株式会社日青,6120101005277,https://img.sakacil.com/data/20220131/5790180e-f200-4616-9530-ad665be5306d.jpg
株式会社日青,6120101005277,https://img.sakacil.com/data/20220131/b253da5d-dfe1-4113-b3bb-e0af596d655b.jpg
株式会社中村,6120101005616,https://img.sakacil.com/data/20211217/f8953bea-ab66-47ba-bd72-40bb1380c051.jpg
株式会社中村,6120101005616,https://img.sakacil.com/data/20211217/bcb85019-4982-47ba-af14-c30b8cd6fb9c.jpg
株式会社阪南ビジネスマシン,6120101006102,https://img.sakacil.com/data/20220624/5f91309d-a0b8-4bab-8e43-96a75923cca9.jpg
株式会社阪南ビジネスマシン,6120101006102,https://img.sakacil.com/data/20220624/2a3be4f8-2494-4548-a552-4b547a6ab997.JPG
株式会社阪南ビジネスマシン,6120101006102,https://img.sakacil.com/data/20220624/f122c350-182d-4d99-8883-36cac972c5f8.jpg
丸高運送株式会社,6120101006746,https://img.sakacil.com/data/20211224/5df2a734-a87f-4f86-8d43-402615d1ebbb.jpg
丸高運送株式会社,6120101006746,https://img.sakacil.com/data/20211224/dfbb1d7f-be1a-4a7b-ae2f-4d4a848f70bd.JPG
丸高運送株式会社,6120101006746,https://img.sakacil.com/data/20211224/7fe6682c-c19c-4aa8-aa05-a285d1ed655a.jpg
あかはね不動産株式会社,6120101023782,https://img.sakacil.com/data/20220131/65532c44-2587-4c0c-bd64-eae3cd276fd6.jpg
株式会社ほほえみネットワーク竹城,6120101024590,https://img.sakacil.com/data/20211208/522b3c67-598d-4852-a3ae-0fd6d63495a4.png
株式会社ほほえみネットワーク竹城,6120101024590,https://img.sakacil.com/data/20211208/86eeed52-62f3-4cfb-91cb-71d996746291.png
株式会社ほほえみネットワーク竹城,6120101024590,https://img.sakacil.com/data/20211208/7184f848-744a-4c4e-96bf-e6c5e16b76e8.JPG
Ｊトップ株式会社,6120101028831,https://img.sakacil.com/data/20211215/173543c2-fd2a-41dc-ab22-7a096f3e2612.JPG
Ｊトップ株式会社,6120101028831,https://img.sakacil.com/data/20211215/2864fba5-fb01-47ce-9e40-451b60e463ba.JPG
Ｊトップ株式会社,6120101028831,https://img.sakacil.com/data/20211215/9fba40cd-6783-4940-961e-4517b851a14e.JPG
日本ツクリダス株式会社,6120101049555,https://img.sakacil.com/data/20220110/5f7e78fe-029c-421d-8a67-426e291bbe1c.jpg
日本ツクリダス株式会社,6120101049555,https://img.sakacil.com/data/20220110/270f3cda-8bbf-41fa-a2bf-87917b954b97.jpg
株式会社ＧＡＬＬＥコーポレーション,6120101051180,https://img.sakacil.com/data/20220106/d5872a11-4614-4c90-9b2e-b29a8ccb92fb.jpg
株式会社ＧＡＬＬＥコーポレーション,6120101051180,https://img.sakacil.com/data/20220106/2c3f7a33-a965-48f5-9d34-b8d28bd4e1f1.jpg
株式会社ＧＡＬＬＥコーポレーション,6120101051180,https://img.sakacil.com/data/20220106/efa3c934-1463-485a-8c30-16ffd2ff1be7.jpg
株式会社ＤＣ建設,6120101052641,https://img.sakacil.com/data/20211208/0008ffa5-094d-4675-83fb-0ec0bf9e5814.jpg
さきわい工房株式会社,6120101053292,https://img.sakacil.com/data/20220606/e3ef2569-08a1-4819-8d38-5742e1afcf92.jpg
さきわい工房株式会社,6120101053292,https://img.sakacil.com/data/20220606/73831ec0-2d61-4080-871f-61a5ba80cc88.JPG
さきわい工房株式会社,6120101053292,https://img.sakacil.com/data/20220606/9babd134-76a0-4a62-80b5-b49e60036e02.jpg
株式会社ｗａｊｉ,6120101054217,https://img.sakacil.com/data/20220223/23da8d74-e8d6-4685-b1d9-3e91bc58df89.jpg
株式会社ｗａｊｉ,6120101054217,https://img.sakacil.com/data/20220223/1f23521c-0b47-40a6-b2f3-294e5d4ddc4f.jpg
株式会社ｗａｊｉ,6120101054217,https://img.sakacil.com/data/20220223/74728293-ebfb-459d-b545-b9e55fe41378.jpg
株式会社Ａｄｄ　Ｗａｌｌ,6120101055207,https://img.sakacil.com/data/20220114/eb88c4fd-d4e7-4fc0-923f-5312e58444e7.jpg
日本クレンリネスパートナー株式会社,6120101056097,https://img.sakacil.com/data/20211210/c5358d8b-72c5-4d1e-9333-6f619c315a8e.jpeg
日本クレンリネスパートナー株式会社,6120101056097,https://img.sakacil.com/data/20211210/1b540c4e-3c1c-4858-93ea-6ef0d7632862.jpeg
株式会社三幸ハウジング,6120101056568,https://img.sakacil.com/data/20220107/caea4453-542a-4d07-9005-092cc5c397e4.jpg
株式会社三幸ハウジング,6120101056568,https://img.sakacil.com/data/20220107/fbcf48c5-aac6-4026-9bb2-a2dff775c4fe.jpg
株式会社三幸ハウジング,6120101056568,https://img.sakacil.com/data/20220107/50b68e10-20de-4778-8434-875338a86e6e.jpg
エピックホームズ株式会社,6120101057475,https://img.sakacil.com/data/20211227/ca4f26bd-df63-42d7-b41a-f93855290d43.JPG
エピックホームズ株式会社,6120101057475,https://img.sakacil.com/data/20211227/6258cc2f-1adc-473c-afbd-a922b26500f1.JPG
エピックホームズ株式会社,6120101057475,https://img.sakacil.com/data/20211227/29c15b20-e610-416b-b942-36faad8d21c8.JPG
株式会社Ｂｅｉｄｅ．Ｆ,6120101065222,https://img.sakacil.com/data/20220606/ac3a810a-aa03-406c-88eb-6341e0a9e574.jpg
株式会社Ｂｅｉｄｅ．Ｆ,6120101065222,https://img.sakacil.com/data/20220606/86f9bd0f-211f-44d9-8c23-cfc77364b8a6.jpg
株式会社Ｂｅｉｄｅ．Ｆ,6120101065222,https://img.sakacil.com/data/20220606/02504ed2-1137-40e3-b07d-339d1af366e3.jpg
有限会社 千総,6120102002612,https://img.sakacil.com/data/20211214/2c89ee40-16bb-48a5-8e99-7688c0a6cec9.jpeg
有限会社 千総,6120102002612,https://img.sakacil.com/data/20211214/fac19b86-6b48-4d2f-8605-d84a9e687f7f.jpeg
有限会社 千総,6120102002612,https://img.sakacil.com/data/20211214/c2fd0421-e09b-4c23-ab74-095ddaf76243.jpeg
株式会社古賀機械製作所,6120102006555,https://img.sakacil.com/data/20220426/77260522-a407-440e-8f08-566f2bcb6dd1.jpeg
有限会社フラクタル・ソフトウエア,6120102006902,https://img.sakacil.com/data/20211223/e2e7ad01-4221-43e5-91e0-87e1f2e76cbe.JPG
有限会社フラクタル・ソフトウエア,6120102006902,https://img.sakacil.com/data/20211223/b5e49ea5-7b0e-4461-be9d-30aace62d83a.JPG
有限会社フラクタル・ソフトウエア,6120102006902,https://img.sakacil.com/data/20211223/59a1f049-cff1-4010-8baf-6a079df90655.JPG
有限会社ピッコロ,6120102007388,https://img.sakacil.com/data/20211210/fb1216b5-782f-4cf1-bac2-c0a24c736a1b.jpg
有限会社ピッコロ,6120102007388,https://img.sakacil.com/data/20211210/f80431e5-0505-4e54-9108-ea4aeaf0d617.JPG
有限会社ピッコロ,6120102007388,https://img.sakacil.com/data/20211210/1fcce922-94a3-486a-9dc1-c947eebf7ba5.JPG
有限会社ティーツーカンパニー,6120102013171,https://img.sakacil.com/data/20220124/6754a62b-c699-4f70-959b-8872001fdd95.jpg
有限会社ティーツーカンパニー,6120102013171,https://img.sakacil.com/data/20220124/3a389dc1-6581-4a1e-8a43-668427fb8dc2.jpg
有限会社ティーツーカンパニー,6120102013171,https://img.sakacil.com/data/20220124/20f42e0a-93c9-4778-ad28-fe7a70349114.jpg
合資会社花正本店,6120103000111,https://img.sakacil.com/data/20211208/0892ac73-1287-4020-93d6-55138ffd1da0.jpg
合資会社花正本店,6120103000111,https://img.sakacil.com/data/20211208/5f07f48b-f584-41fc-a433-77d4ffbe9bdf.jpg
株式会社弥生,6180001100420,https://img.sakacil.com/data/20211213/92b87014-7756-40f1-a718-8c5e2654929c.jpeg
株式会社弥生,6180001100420,https://img.sakacil.com/data/20211213/f212a3bd-1e7c-42b0-a3d9-2e8aba02c4d9.jpeg
泉都興業株式会社,7120101003775,https://img.sakacil.com/data/20211209/49ae9843-0aa5-4bff-a172-4c9ca2ed43dc.png
泉都興業株式会社,7120101003775,https://img.sakacil.com/data/20211209/e4e39450-8f4f-40d4-8160-b55641ae5c1d.png
東洋水産機械株式会社,7120101004550,https://img.sakacil.com/data/20211214/233e25bb-e265-4849-9ae7-f116b3635788.JPG
東洋水産機械株式会社,7120101004550,https://img.sakacil.com/data/20211214/a0972a83-2445-4fc3-ba24-3679dcb0bed9.JPG
東洋水産機械株式会社,7120101004550,https://img.sakacil.com/data/20211214/d28bd819-e5c6-4344-888c-d5913bcb887d.JPG
常磐精工株式会社,7120101004757,https://img.sakacil.com/data/20220606/ed3c9295-1325-41e6-96cc-9778753e6ce0.jpg
常磐精工株式会社,7120101004757,https://img.sakacil.com/data/20220606/a0b9efd8-6851-4fad-a253-e304d83512f0.jpg
阪和株式会社,7120101005821,https://img.sakacil.com/data/20220312/519b82f6-019f-490a-8235-ccda148821d9.jpeg
阪和株式会社,7120101005821,https://img.sakacil.com/data/20220312/3531eddd-ee4c-4a91-8a50-014f217179d3.jpeg
株式会社松本機械製作所,7120101006654,https://img.sakacil.com/data/20220518/beb60e5b-60f2-4297-8851-ff14d3166400.jpg
株式会社松本機械製作所,7120101006654,https://img.sakacil.com/data/20220518/4ddaa09f-bd8a-4832-87e1-e131da213dbe.jpg
株式会社松本機械製作所,7120101006654,https://img.sakacil.com/data/20220518/d449b63e-79a6-48b9-b31d-ea33025ab108.JPG
株式会社ボストン,7120101006662,https://img.sakacil.com/data/20211218/283f8e23-7467-4840-b7f8-dc838ff11807.jpeg
株式会社物研,7120101020952,https://img.sakacil.com/data/20211214/b6e8eb8e-a4cb-4936-963d-0fb5612d8d1a.jpg
株式会社物研,7120101020952,https://img.sakacil.com/data/20211214/714f3990-1cdb-48a5-abc2-2ac3f405a866.jpg
株式会社物研,7120101020952,https://img.sakacil.com/data/20211213/bc366578-cceb-44e6-b11f-dd7cb7fa7c39.jpg
東亜熱処理株式会社,7120101021645,https://img.sakacil.com/data/20220108/63084b4d-9483-4dbf-adb5-8d5502b70a68.JPG
東亜熱処理株式会社,7120101021645,https://img.sakacil.com/data/20220108/b164a223-7c86-4127-9c88-cca0d719cea4.JPG
東亜熱処理株式会社,7120101021645,https://img.sakacil.com/data/20220108/5e2f1f36-1439-4803-81cc-95f4895fc1f0.JPG
株式会社シフト,7120101022107,https://img.sakacil.com/data/20221102/1a7e83d6-7a82-40e2-a862-b456d14d7f23.jpg
株式会社シフト,7120101022107,https://img.sakacil.com/data/20221102/c3a8174e-1b99-46d4-ae72-86ef5aab07e4.jpg
照建株式会社,7120101022734,https://img.sakacil.com/data/20211208/ee72f913-8b98-4d55-8a56-b69ad90b0c0c.jpeg
照建株式会社,7120101022734,https://img.sakacil.com/data/20211208/6e02c93e-ef49-4057-ba2e-9cc7124d48f9.jpeg
照建株式会社,7120101022734,https://img.sakacil.com/data/20211208/510b0a63-1d05-4e77-98c3-4d73f213a7ec.jpeg
リンク訪問看護ステーションなかもず,7120101027295,https://img.sakacil.com/data/20220405/75a13540-19f8-4cb5-8a0b-6fdf31298f7f.jpeg
リンク訪問看護ステーションなかもず,7120101027295,https://img.sakacil.com/data/20220405/c5cf83da-4e72-43c5-8708-04b3357336bf.jpeg
株式会社Ｍａｎｅｑｌ,7120101054587,https://img.sakacil.com/data/20220526/062df5fc-599d-438d-895e-e05c40994e43.jpg
株式会社ＭＥＲＲＹ　ＢＥＥＴＬＥ,7120101054983,https://img.sakacil.com/data/20211214/6ecba876-842f-47aa-94c3-f5f6d626621a.jpeg
株式会社ＭＥＲＲＹ　ＢＥＥＴＬＥ,7120101054983,https://img.sakacil.com/data/20211214/da61b8ec-09ad-4708-8929-2d68e1140efb.jpeg
株式会社つくろう堺市民球団（堺シュライクス）,7120101058497,https://img.sakacil.com/data/20211209/c07c488e-d50a-4afd-ab09-c5ccb1b53c8a.jpg
株式会社つくろう堺市民球団（堺シュライクス）,7120101058497,https://img.sakacil.com/data/20211209/7a904b97-b33a-4118-a685-1210c2e2ce68.JPG
株式会社つくろう堺市民球団（堺シュライクス）,7120101058497,https://img.sakacil.com/data/20211209/8e3fe690-24fc-4a14-9f01-766fc660b467.jpg
日本アクセル株式会社,7120101059859,https://img.sakacil.com/data/20211221/66b6baa1-d617-4550-85ef-226819bbe886.jpeg
カワハラダ有限会社,7120102001308,https://img.sakacil.com/data/20211211/246b9e81-7556-4e7c-a78e-6305cfb184d9.JPG
カワハラダ有限会社,7120102001308,https://img.sakacil.com/data/20211211/5e932893-6321-48df-85ce-1e5ac5c84f45.JPG
カワハラダ有限会社,7120102001308,https://img.sakacil.com/data/20211211/f7c0ed79-18fe-415a-a95f-e7611130e82f.JPG
有限会社リバティーハウス,7120102011439,https://img.sakacil.com/data/20211210/35eda457-6069-4ae7-a459-3bb3e8ce4cee.JPG
株式会社ビーナス,7120102011562,https://img.sakacil.com/data/20221001/dac821c0-9f30-48ae-945c-aab842e5b89c.jpg
株式会社ビーナス,7120102011562,https://img.sakacil.com/data/20221001/027d0be0-e823-4fea-9dbd-7670c657137c.jpg
株式会社ビーナス,7120102011562,https://img.sakacil.com/data/20221001/dcd4c436-d2de-49a8-895f-38f22232e0f0.JPG
医療法人瞳心会若山眼科,7120105000125,https://img.sakacil.com/data/20220831/471904e1-67bd-4de6-9ba2-1cd81478e014.jpg
医療法人瞳心会若山眼科,7120105000125,https://img.sakacil.com/data/20220831/4c0f06f6-1e73-4ab2-a2fa-a55c5b899722.jpg
医療法人瞳心会若山眼科,7120105000125,https://img.sakacil.com/data/20220831/0d025651-47fe-4546-86cf-494e683fa23f.jpg
浅香工業株式会社,8120101000268,https://img.sakacil.com/data/20220629/72f9d7f0-7761-40ea-ae25-88665ded7795.JPG
浅香工業株式会社,8120101000268,https://img.sakacil.com/data/20220629/c7e77666-ecbe-46db-8cb2-7143af7a7150.JPG
浅香工業株式会社,8120101000268,https://img.sakacil.com/data/20220629/a1ddc040-7a5d-4299-b483-0ecb3d91ca5d.JPG
キングプリンティング株式会社,8120101001753,https://img.sakacil.com/data/20211216/96418512-2eb7-4bcb-922d-66107e34aed0.jpeg
キングプリンティング株式会社,8120101001753,https://img.sakacil.com/data/20211216/64f67f6e-3011-4530-86b9-5d23334a56e2.jpeg
キングプリンティング株式会社,8120101001753,https://img.sakacil.com/data/20211216/1209ebdb-be99-4460-aeaa-613c86b28d57.jpeg
ギャレットジャパン株式会社,8120101001836,https://img.sakacil.com/data/20220324/d4482d72-4694-47e7-b0e3-f5e9ad24e383.jpg
ギャレットジャパン株式会社,8120101001836,https://img.sakacil.com/data/20220324/54f1ccb9-7ddb-4ff0-b166-8ad76a845c8f.jpg
ギャレットジャパン株式会社,8120101001836,https://img.sakacil.com/data/20220324/b232925b-8e6a-485c-afd8-0aa96f303c3c.jpg
株式会社三翠社,8120101002644,https://img.sakacil.com/data/20211224/39b74bfd-b11a-4b50-ac7c-1edfa5239d2e.png
株式会社三翠社,8120101002644,https://img.sakacil.com/data/20211221/34192264-26b7-41ca-8972-daf5f7d146a6.jpg
株式会社三翠社,8120101002644,https://img.sakacil.com/data/20211224/a8cea309-a6f2-4f39-ac85-fe39fb22bde3.jpg
株式会社周,8120101003221,https://img.sakacil.com/data/20220122/4c663fe2-d3d2-4893-9866-c232c8467f33.jpg
株式会社周,8120101003221,https://img.sakacil.com/data/20220122/ccdafdd5-47a1-4458-a578-f77eb3df43bd.jpg
株式会社周,8120101003221,https://img.sakacil.com/data/20220122/142ac327-8283-4f36-9b18-ffb32a08f019.jpg
大醬株式会社,8120101003717,https://img.sakacil.com/data/20220420/6f2a3642-0e32-4ccd-9847-ac5be579f8c9.jpg
大醬株式会社,8120101003717,https://img.sakacil.com/data/20220420/a133945b-bb03-4f0a-931d-32b5da2f806e.JPG
大醬株式会社,8120101003717,https://img.sakacil.com/data/20220420/b55f2852-39d8-4d51-8ec1-d518221d80cd.jpg
株式会社エーテック,8120101004946,https://img.sakacil.com/data/20220527/19a9076d-126d-4a9f-90ad-273151a06ae8.JPG
バル住宅販売株式会社,8120101005639,https://img.sakacil.com/data/20211210/e0c85764-8737-4bf4-bf95-e89b22c59624.jpg
バル住宅販売株式会社,8120101005639,https://img.sakacil.com/data/20211210/84c9bbaf-28ab-4a74-9096-55c2547c7fd2.jpg
バル住宅販売株式会社,8120101005639,https://img.sakacil.com/data/20211210/a902dcc4-5e36-4d78-ac37-303d7d0ba55d.jpg
株式会社ルーニー,8120101007874,https://img.sakacil.com/data/20220829/bfbc3240-c74f-4426-88d9-9fb1ab74b74f.JPG
株式会社ルーニー,8120101007874,https://img.sakacil.com/data/20220829/0f20fc6a-5afe-4f49-9003-f5e7a29b639f.jpg
株式会社リンク,8120101007940,https://img.sakacil.com/data/20211216/54e4417b-8240-4d60-ab0b-0c27cf798df7.jpg
株式会社リンク,8120101007940,https://img.sakacil.com/data/20211216/455d735a-9cff-4d56-8ea2-8a2ca79d7832.jpg
株式会社リンク,8120101007940,https://img.sakacil.com/data/20211216/75524c85-5634-438c-9100-636b6febeea9.jpg
株式会社パワーキャスト,8120101021090,https://img.sakacil.com/data/20220207/cadb00e0-5930-4e5e-9a65-125aede10d6c.jpg
株式会社イズ,8120101023302,https://img.sakacil.com/data/20220928/134d633c-4070-4dc2-909f-bc25c834e9c6.jpg
株式会社イズ,8120101023302,https://img.sakacil.com/data/20220928/0a38bba7-49e6-4aff-9c67-53a4ee046cc4.jpg
株式会社イズ,8120101023302,https://img.sakacil.com/data/20220928/5b8c3bcc-4b1f-4525-8564-00c74e9664c5.jpg
株式会社萬勝,8120101023748,https://img.sakacil.com/data/20211209/a5006adc-db8b-48d0-bc87-6e7ac4ebb777.JPG
株式会社萬勝,8120101023748,https://img.sakacil.com/data/20211209/aebcf45e-422a-410b-b767-038dd8b1a62b.jpg
株式会社萬勝,8120101023748,https://img.sakacil.com/data/20211209/2296f605-fac2-462f-84fb-e3d8ec9d21b6.jpg
株式会社グロース,8120101030091,https://img.sakacil.com/data/20211222/844fc4f5-4884-495a-9d36-f61b6d26ebfe.JPG
株式会社グロース,8120101030091,https://img.sakacil.com/data/20211222/dd7a2387-c667-4e91-9b64-c9ba71c945f2.JPG
株式会社グロース,8120101030091,https://img.sakacil.com/data/20211222/9cce7160-276f-4b3d-aac1-7e9d9e9ed43e.JPG
株式会社グラン・ジュテ,8120101053043,https://img.sakacil.com/data/20220125/4d676381-f0b6-4b66-9c8a-bcd3657be1e1.jpg
株式会社グラン・ジュテ,8120101053043,https://img.sakacil.com/data/20220125/3d83b489-5779-4e9f-b397-74056a2c0d6e.png
株式会社グラン・ジュテ,8120101053043,https://img.sakacil.com/data/20220125/8486a9d5-19da-4a24-a343-24749650a2eb.jpeg
株式会社しみずオフィス,8120101056830,https://img.sakacil.com/data/20220125/81d96e6a-42db-4419-8514-6409597c6a4f.jpg
株式会社しみずオフィス,8120101056830,https://img.sakacil.com/data/20220125/e9c278e7-c5b5-4ca8-bb10-4f3f5ccac4b8.jpg
株式会社しみずオフィス,8120101056830,https://img.sakacil.com/data/20220125/7eba9989-28a9-4245-96be-a0411cbb9ddc.png
株式会社万栄空調設備,8120101056954,https://img.sakacil.com/data/20211209/183e4670-9a70-4be5-a84c-b5bd8170312a.jpg
株式会社万栄空調設備,8120101056954,https://img.sakacil.com/data/20211209/b0c8e422-734a-418e-b91f-448b93595a75.jpg
株式会社万栄空調設備,8120101056954,https://img.sakacil.com/data/20211209/783b082b-ddc1-4548-9cad-80420140d223.jpg
株式会社トリミングハウスＯＨＡＮＡ,8120101059973,https://img.sakacil.com/data/20211222/23be0cab-39f5-40fb-9144-62bf61b8ac73.jpeg
株式会社トリミングハウスＯＨＡＮＡ,8120101059973,https://img.sakacil.com/data/20211222/2acfb025-ebb9-4cb7-bdb5-58b57bf77bb5.jpeg
株式会社トリミングハウスＯＨＡＮＡ,8120101059973,https://img.sakacil.com/data/20211222/7114476a-91a8-4378-8164-4c5a22f349cd.jpeg
株式会社ネクシアス,8120101061797,https://img.sakacil.com/data/20211210/f69025f1-1ec9-460a-8280-86fbeceffdde.jpeg
株式会社ネクシアス,8120101061797,https://img.sakacil.com/data/20220119/4a57873b-4cd8-481a-aecf-6d3afc71cd8e.jpeg
株式会社らっく,8120101062985,https://img.sakacil.com/data/20220615/8b8dd453-1ac9-4105-9f1c-1d00de26a21e.JPG
株式会社らっく,8120101062985,https://img.sakacil.com/data/20220605/49b921cc-4a77-40a8-8db9-93e92adcfa7b.JPG
株式会社らっく,8120101062985,https://img.sakacil.com/data/20220615/4972767a-a475-405a-b63f-aae393d85646.JPG
ライフサポート関西合同会社,8120103003426,https://img.sakacil.com/data/20211209/9bc0d8d1-d665-4561-b7af-e418f019826f.jpg
ライフサポート関西合同会社,8120103003426,https://img.sakacil.com/data/20211209/de4c4386-cef7-4088-9b4d-8fb56db23208.jpg
ＹＡＭＡＴＯ－ＮＢ株式会社,9120001144016,https://img.sakacil.com/data/20211223/172f81f0-5752-4366-93f7-a783204034f3.jpg
ＹＡＭＡＴＯ－ＮＢ株式会社,9120001144016,https://img.sakacil.com/data/20211223/d9fe56cd-f2d5-4fb1-85de-dc1ec6d91029.jpg
ＹＡＭＡＴＯ－ＮＢ株式会社,9120001144016,https://img.sakacil.com/data/20211223/be1cdbb3-5a29-49a7-b909-b48ac436f0f6.jpg
アットジャパンプランニング株式会社,9120001214842,https://img.sakacil.com/data/20220404/7b8e2cb6-52ca-4511-ae80-20007fbf6be4.jpg
アットジャパンプランニング株式会社,9120001214842,https://img.sakacil.com/data/20220404/c2d4bd6c-1434-4f68-b87e-3e1320c917bf.jpg
アットジャパンプランニング株式会社,9120001214842,https://img.sakacil.com/data/20220404/c512da4d-b422-4bb8-9bc9-6acdbd7e0d77.jpg
栄光美芸株式会社,9120101000564,https://img.sakacil.com/data/20220130/c6e50911-dbab-4823-9075-58e6d89ec48d.png
ウメタニ商事株式会社,9120101000944,https://img.sakacil.com/data/20220914/dcccb395-dc8d-41f3-9a62-34bec593a81f.JPG
ウメタニ商事株式会社,9120101000944,https://img.sakacil.com/data/20220914/a25465de-e7d4-4d1a-a9d2-10bb55dbdd4a.JPG
ウメタニ商事株式会社,9120101000944,https://img.sakacil.com/data/20220914/76dc8346-622f-4221-ac34-979458e58418.JPG
株式会社おおつか工芸,9120101001249,https://img.sakacil.com/data/20220105/0f7f0d52-b1e4-4011-8c06-4ba365be752f.jpg
株式会社おおつか工芸,9120101001249,https://img.sakacil.com/data/20220105/cfa49fde-e018-44b6-ba40-d467019b5db4.jpg
株式会社おおつか工芸,9120101001249,https://img.sakacil.com/data/20220105/0a070aed-71dc-49c1-a2d6-67b1b083916b.jpg
株式会社川原塗装店,9120101001694,https://img.sakacil.com/data/20211223/83f28f4a-d3cb-49f4-969b-ec0db199f077.jpg
株式会社川原塗装店,9120101001694,https://img.sakacil.com/data/20211223/50e13027-04cc-4e2a-9493-3b343d0c9de8.jpg
株式会社川原塗装店,9120101001694,https://img.sakacil.com/data/20211223/ebd31246-e00d-43e7-b280-065127acd335.jpg
角野晒染株式会社,9120101002305,https://img.sakacil.com/data/20211210/eb5484ee-de77-4beb-abc6-92afe868c0a9.jpg
角野晒染株式会社,9120101002305,https://img.sakacil.com/data/20211210/ce6be7c3-b174-4ae3-bbb6-6626019c7f08.jpg
角野晒染株式会社,9120101002305,https://img.sakacil.com/data/20211210/272c2b61-bf18-48a1-bfa7-f0f8c764536d.JPG
株式会社ＥＭＳＳ,9120101002750,https://img.sakacil.com/data/20211209/e2a21c05-2e48-4866-a78d-80afcc2a9142.jpeg
株式会社谷文建設,9120101004796,https://img.sakacil.com/data/20211209/62f92c4e-b722-44ae-bf03-b9001578a729.jpeg
株式会社谷文建設,9120101004796,https://img.sakacil.com/data/20211209/6c783b04-28bb-4f0d-bdfa-28fbb7c240cf.jpeg
株式会社谷文建設,9120101004796,https://img.sakacil.com/data/20211209/122f8d37-635e-4cf2-ba6f-1cff89a8899e.jpeg
中尾食品工業株式会社,9120101005126,https://img.sakacil.com/data/20220411/0a0dd41b-a276-45dd-9bbe-aeb1bb24388e.jpg
中尾食品工業株式会社,9120101005126,https://img.sakacil.com/data/20220411/c21c8da2-0a19-4b19-ab62-9ba12f993b5c.JPG
中尾食品工業株式会社,9120101005126,https://img.sakacil.com/data/20220412/80ea05dc-ce49-4c78-bda4-d03b4e7667d5.jpg
株式会社スールコーポレーション,9120101020785,https://img.sakacil.com/data/20220625/ac913575-956e-4400-b393-45afd6071db6.JPG
エイダイ工業株式会社,9120101021395,https://img.sakacil.com/data/20211210/adcc8905-1c73-4741-882c-dc300fec5442.jpeg
境川工業株式会社,9120101021511,https://img.sakacil.com/data/20211228/1ab80d00-b687-47b7-862b-381be4902f64.jpg
境川工業株式会社,9120101021511,https://img.sakacil.com/data/20211228/25004677-c971-4225-925e-eb116d9a08b4.jpg
境川工業株式会社,9120101021511,https://img.sakacil.com/data/20211228/f82956b2-cd82-4012-93b4-d842d23bd321.jpg
日本フッソテクノコート株式会社,9120101021701,https://img.sakacil.com/data/20220113/cf937db4-2fe6-46e6-af3e-9c89603e08d1.jpg
日本フッソテクノコート株式会社,9120101021701,https://img.sakacil.com/data/20220113/0bb2a548-e586-4bde-857b-b82b248cadf4.JPG
株式会社ファイン,9120101021981,https://img.sakacil.com/data/20220219/782b8990-3c80-41a6-bf91-cb6364d765c5.JPG
株式会社ファイン,9120101021981,https://img.sakacil.com/data/20220204/6702d31d-e3d8-474f-bd5d-ff85b9458926.JPG
株式会社ファイン,9120101021981,https://img.sakacil.com/data/20220204/05a123f8-61c7-4914-a809-6e4f374ecb68.JPG
エーワイ株式会社,9120101025339,https://img.sakacil.com/data/20220118/3bc258d4-b6cc-4ba4-84e3-3850448ff707.jpg
エーワイ株式会社,9120101025339,https://img.sakacil.com/data/20220118/c67ad588-fedc-4350-9596-ede0ddf8a381.jpg
エーワイ株式会社,9120101025339,https://img.sakacil.com/data/20220118/0cdbbe49-fe35-4905-94f4-925dea4c7504.jpg
株式会社ジョイントメディア,9120101028671,https://img.sakacil.com/data/20211124/4060d9f7-0403-4c9e-b157-263a4c3845a5.jpg
株式会社ジョイントメディア,9120101028671,https://img.sakacil.com/data/20211124/b32383d1-7001-4d85-bc60-6d62042702ac.jpg
株式会社ジョイントメディア,9120101028671,https://img.sakacil.com/data/20211124/6083338d-050d-44a0-ba03-a5a540b51578.jpg
株式会社システム電気防災,9120101051483,https://img.sakacil.com/data/20211222/2430a26c-b556-4fcb-9015-c53e39762d99.jpg
株式会社システム電気防災,9120101051483,https://img.sakacil.com/data/20211222/d7a71df5-2725-4ee6-b2df-51ffae1948ac.JPG
株式会社システム電気防災,9120101051483,https://img.sakacil.com/data/20211222/35caa6c6-1ee3-49c2-9f2b-c5e91483071b.jpg
株式会社平原建築工房,9120101053166,https://img.sakacil.com/data/20211214/6310b1b3-b68e-4efb-a618-90a1a8cc1a28.jpeg
株式会社平原建築工房,9120101053166,https://img.sakacil.com/data/20211214/2ed913a9-0c61-424e-b52d-02eca5636d0c.jpeg
株式会社ｉｎＣ,9120101059527,https://img.sakacil.com/data/20220518/e715541b-ea9e-48ff-b89d-5bde582e11a0.png
株式会社ｉｎＣ,9120101059527,https://img.sakacil.com/data/20220518/fccf2dc5-97ba-40f6-8188-89f0fda282db.jpg
株式会社フットステップ,9120101059675,https://img.sakacil.com/data/20211209/b9d380d7-19d8-4271-a5bf-d76348b91542.jpg
株式会社フットステップ,9120101059675,https://img.sakacil.com/data/20211209/0aba1423-970c-4b6d-abe9-710d05d3d24e.jpg
株式会社フットステップ,9120101059675,https://img.sakacil.com/data/20211209/6bf2e2ea-3624-47ed-b4e4-88708b536634.jpg
有限会社コモ,9120102001826,https://img.sakacil.com/data/20211209/72d506ad-d1fa-48e9-a591-8c4d2a870a32.jpg
有限会社コモ,9120102001826,https://img.sakacil.com/data/20211209/803cca2b-8c63-4e95-a6c5-d9eb5d8c7d3d.png
有限会社コモ,9120102001826,https://img.sakacil.com/data/20211209/af9bce4e-5d02-4d96-ada0-3f65a1c2ca67.JPG
有限会社はん和,9120102004663,https://img.sakacil.com/data/20220824/158f4a3b-8d65-4009-b08b-516687202540.jpg
有限会社はん和,9120102004663,https://img.sakacil.com/data/20220824/aa2ed7a1-32c9-4a21-b5bc-ec0bd3228684.jpg
有限会社はん和,9120102004663,https://img.sakacil.com/data/20220824/b2a9788c-c9de-44c0-808a-6e21d3759fdc.jpg
有限会社雄匠,9120102006445,https://img.sakacil.com/data/20211216/fae2a1f9-56c9-4305-af35-2ce0005b0709.JPG
有限会社雄匠,9120102006445,https://img.sakacil.com/data/20211216/027eba64-9bc6-4f83-bb7f-27130025c1d6.jpg
有限会社雄匠,9120102006445,https://img.sakacil.com/data/20211216/ff3a6ca6-0d9f-4e6e-86b3-a2844ead6595.jpg
有限会社樽一,9120102011437,https://img.sakacil.com/data/20211217/625830f0-271b-46d7-9772-52badafe488f.jpeg
有限会社アクトスペース企画,9120102011445,https://img.sakacil.com/data/20211213/039b6867-fdb3-42f0-a775-a0a1a9f61d7c.jpeg
有限会社アクトスペース企画,9120102011445,https://img.sakacil.com/data/20211213/89989fc4-06e4-4b30-9c4d-6384362591d3.jpeg
有限会社こはら工業,9120102012732,https://img.sakacil.com/data/20211210/eaba8445-9970-4d9c-a1e5-fdbda2551530.jpeg
有限会社繁栄社,9120102012930,https://img.sakacil.com/data/20211212/0458fa6c-0888-46dd-8c52-cb08e40d676e.jpg
有限会社繁栄社,9120102012930,https://img.sakacil.com/data/20211212/d2d5db66-9129-4a80-a33a-1cda97977c99.jpg
有限会社繁栄社,9120102012930,https://img.sakacil.com/data/20211212/4ca0e6bb-54b9-472f-90cd-b33725c329fc.jpg
有限会社ＧｏＬｉｖｅ,9120102013318,https://img.sakacil.com/data/20211215/116df417-f919-45ec-bd6a-30ba89f818ee.png
有限会社ＧｏＬｉｖｅ,9120102013318,https://img.sakacil.com/data/20211215/a9e5139b-8cb2-4cf0-b318-c21c43b8d897.jpeg
有限会社ＧｏＬｉｖｅ,9120102013318,https://img.sakacil.com/data/20211215/e07270f5-a12b-49f1-9b5e-827e88e52c56.png
アナザーネット合同会社,9120103003813,https://img.sakacil.com/data/20211215/bcbe9f3d-979a-4f9d-ac13-a6c0d3abc4ae.jpg
アナザーネット合同会社,9120103003813,https://img.sakacil.com/data/20211215/555409fa-2f9c-40b4-a3fd-6246bb78e26d.jpg
アナザーネット合同会社,9120103003813,https://img.sakacil.com/data/20211216/081618f6-1fb6-4be6-a813-4cc55da01414.jpg
